

<feed xmlns="http://www.w3.org/2005/Atom">
  <id>http://localhost:4001/</id>
  <title>Shivani Sen</title>
  <subtitle>My DevOps/Engineering blog and personal site.</subtitle>
  <updated>2025-07-03T10:07:12+05:30</updated>
  <author>
    <name>your_full_name</name>
    <uri>http://localhost:4001/</uri>
  </author>
  <link rel="self" type="application/atom+xml" href="http://localhost:4001/feed.xml"/>
  <link rel="alternate" type="text/html" hreflang="en"
    href="http://localhost:4001/"/>
  <generator uri="https://jekyllrb.com/" version="4.4.1">Jekyll</generator>
  <rights> © 2025 your_full_name </rights>
  <icon>/assets/img/favicons/favicon.ico</icon>
  <logo>/assets/img/favicons/favicon-96x96.png</logo>


  
  <entry>
    <title>Managing Upwards: Handling Conflict with a More Experienced Team Member</title>
    <link href="http://localhost:4001/posts/Managing-upwards/" rel="alternate" type="text/html" title="Managing Upwards: Handling Conflict with a More Experienced Team Member" />
    <published>2025-07-02T09:00:00+05:30</published>
  
    <updated>2025-07-02T09:00:00+05:30</updated>
  
    <id>http://localhost:4001/posts/Managing-upwards/</id>
    <content type="text/html" src="http://localhost:4001/posts/Managing-upwards/" />
    <author>
      <name>your_full_name</name>
    </author>

  
    
    <category term="blog" />
    
  

  <summary>As managers, we are trained to resolve conflicts within teams, but what happens when the tension lies between the manager and a more experienced team member?  This situation is more common than it seems — especially in cross-functional teams, tech-driven environments, or during organizational transitions. The manager may feel threatened, challenged, or even undermined. And the experienced team ...</summary>

  </entry>

  
  <entry>
    <title>Scrum Without the Clock: Flexible Timeboxes in Agile Ceremonies</title>
    <link href="http://localhost:4001/posts/flexible-scrum-ceremonies/" rel="alternate" type="text/html" title="Scrum Without the Clock: Flexible Timeboxes in Agile Ceremonies" />
    <published>2025-07-01T10:00:00+05:30</published>
  
    <updated>2025-07-01T10:00:00+05:30</updated>
  
    <id>http://localhost:4001/posts/flexible-scrum-ceremonies/</id>
    <content type="text/html" src="http://localhost:4001/posts/flexible-scrum-ceremonies/" />
    <author>
      <name>your_full_name</name>
    </author>

  
    
    <category term="blog" />
    
  

  <summary>In many organizations today, Scrum is adopted as the go-to Agile framework. However, the timeboxed nature of Scrum ceremonies is often treated as a recommendation rather than a rule. Teams still conduct sprint planning, reviews, and retrospectives — but not within the strict durations suggested in the Scrum Guide.  Is this a deviation or a pragmatic adaptation? Let’s explore the advantages and ...</summary>

  </entry>

  
  <entry>
    <title>What Gardening Taught Me About Agile and Project Success</title>
    <link href="http://localhost:4001/posts/What-Gardening-Taught-Me-About-Agile-and-Project-Success/" rel="alternate" type="text/html" title="What Gardening Taught Me About Agile and Project Success" />
    <published>2025-06-24T09:00:00+05:30</published>
  
    <updated>2025-07-02T18:52:41+05:30</updated>
  
    <id>http://localhost:4001/posts/What-Gardening-Taught-Me-About-Agile-and-Project-Success/</id>
    <content type="text/html" src="http://localhost:4001/posts/What-Gardening-Taught-Me-About-Agile-and-Project-Success/" />
    <author>
      <name>your_full_name</name>
    </author>

  
    
    <category term="blog" />
    
  

  <summary>Gardening and Agile might seem like worlds apart — one rooted in soil, the other in sprints. But tending to a small garden this summer unexpectedly offered me valuable lessons in project management, iteration, and resilience.  1. You Can’t Plan Everything Up Front  Just like in Agile, no matter how much you plan your garden layout, unexpected variables show up: too much rain, pest attacks, poor...</summary>

  </entry>

</feed>


